{"cameraMode":{"drawMode":0,"name":"Shaded","section":"Shading Mode"},"sceneLighting":false,"audioPlay":false,"sceneViewState":{"showFog":true,"showMaterialUpdate":false,"showSkybox":true,"showFlares":true,"showImageEffects":true,"showParticleSystems":true},"in2DMode":false,"pivot":{"x":411.45947265625,"y":266.2054138183594,"z":-0.44596683979034426},"rotation":{"x":-0.08412714302539826,"y":-0.8591665625572205,"z":0.1499762088060379,"w":-0.48193639516830447},"size":1621.04736328125,"orthographic":false}