{"cameraMode":{"drawMode":0,"name":"Shaded","section":"Shading Mode"},"sceneLighting":false,"audioPlay":false,"sceneViewState":{"showFog":true,"showMaterialUpdate":false,"showSkybox":true,"showFlares":true,"showImageEffects":true,"showParticleSystems":true},"in2DMode":false,"pivot":{"x":0.0,"y":0.7999997735023499,"z":0.09386774897575379},"rotation":{"x":-0.0037208390422165395,"y":0.9908645749092102,"z":-0.1318795382976532,"w":-0.027954036369919778},"size":11.897689819335938,"orthographic":false}