{"cameraMode":{"drawMode":0,"name":"Shaded","section":"Shading Mode"},"sceneLighting":false,"audioPlay":false,"sceneViewState":{"showFog":true,"showMaterialUpdate":false,"showSkybox":true,"showFlares":true,"showImageEffects":true,"showParticleSystems":true},"in2DMode":false,"pivot":{"x":460.91143798828127,"y":297.9949951171875,"z":230.28619384765626},"rotation":{"x":-0.09772349148988724,"y":-0.8979016542434692,"z":0.2531636655330658,"w":-0.3465990722179413},"size":1964.638427734375,"orthographic":false}