{"cameraMode":{"drawMode":0,"name":"Shaded","section":"Shading Mode"},"sceneLighting":false,"audioPlay":false,"sceneViewState":{"showFog":true,"showMaterialUpdate":false,"showSkybox":true,"showFlares":true,"showImageEffects":true,"showParticleSystems":true},"in2DMode":false,"pivot":{"x":0.0,"y":0.8350000381469727,"z":0.1017453670501709},"rotation":{"x":0.0008242333424277604,"y":-0.8916579484939575,"z":0.0016263010911643506,"w":0.45270615816116335},"size":12.497598648071289,"orthographic":false}