{"cameraMode":{"drawMode":0,"name":"Shaded","section":"Shading Mode"},"sceneLighting":false,"audioPlay":false,"sceneViewState":{"showFog":true,"showMaterialUpdate":false,"showSkybox":true,"showFlares":true,"showImageEffects":true,"showParticleSystems":true},"in2DMode":false,"pivot":{"x":495.95947265625,"y":378.9880676269531,"z":-0.44596683979034426},"rotation":{"x":0.02267546020448208,"y":-0.9769436120986939,"z":0.1356809139251709,"w":0.16327187418937684},"size":2063.576904296875,"orthographic":false}