{"cameraMode":{"drawMode":0,"name":"Shaded","section":"Shading Mode"},"sceneLighting":false,"audioPlay":false,"sceneViewState":{"showFog":true,"showMaterialUpdate":false,"showSkybox":true,"showFlares":true,"showImageEffects":true,"showParticleSystems":true},"in2DMode":false,"pivot":{"x":0.0,"y":-0.06131267547607422,"z":2.158172369003296},"rotation":{"x":0.09735528379678726,"y":0.8120434284210205,"z":-0.1417573094367981,"w":0.5576848387718201},"size":21.774633407592775,"orthographic":false}