{"cameraMode":{"drawMode":0,"name":"Shaded","section":"Shading Mode"},"sceneLighting":false,"audioPlay":false,"sceneViewState":{"showFog":true,"showMaterialUpdate":false,"showSkybox":true,"showFlares":true,"showImageEffects":true,"showParticleSystems":true},"in2DMode":false,"pivot":{"x":0.0,"y":0.8350000381469727,"z":2.9217453002929689},"rotation":{"x":0.09735528379678726,"y":0.8120434284210205,"z":-0.1417573094367981,"w":0.5576848387718201},"size":10.88520622253418,"orthographic":false}