{"cameraMode":{"drawMode":0,"name":"Shaded","section":"Shading Mode"},"sceneLighting":false,"audioPlay":false,"sceneViewState":{"showFog":true,"showMaterialUpdate":false,"showSkybox":true,"showFlares":true,"showImageEffects":true,"showParticleSystems":true},"in2DMode":false,"pivot":{"x":0.0,"y":0.7999997735023499,"z":0.09386774897575379},"rotation":{"x":-0.11609354615211487,"y":0.7540081143379211,"z":-0.13861709833145142,"w":-0.6314898729324341},"size":11.897689819335938,"orthographic":false}