{"cameraMode":{"drawMode":0,"name":"Shaded","section":"Shading Mode"},"sceneLighting":false,"audioPlay":false,"sceneViewState":{"showFog":true,"showMaterialUpdate":false,"showSkybox":true,"showFlares":true,"showImageEffects":true,"showParticleSystems":true},"in2DMode":false,"pivot":{"x":-0.8201173543930054,"y":1.2119543552398682,"z":-1.5524404048919678},"rotation":{"x":0.056948550045490268,"y":-0.8817706108093262,"z":0.11035361140966416,"w":0.455037921667099},"size":1.5048496723175049,"orthographic":false}