{"cameraMode":{"drawMode":0,"name":"Shaded","section":"Shading Mode"},"sceneLighting":false,"audioPlay":false,"sceneViewState":{"showFog":true,"showMaterialUpdate":false,"showSkybox":true,"showFlares":true,"showImageEffects":true,"showParticleSystems":true},"in2DMode":false,"pivot":{"x":-0.8259305953979492,"y":0.6884000301361084,"z":-2.583343029022217},"rotation":{"x":0.056948550045490268,"y":-0.8817706108093262,"z":0.11035361140966416,"w":0.455037921667099},"size":14.646383285522461,"orthographic":false}