{"cameraMode":{"drawMode":0,"name":"Shaded","section":"Shading Mode"},"sceneLighting":false,"audioPlay":false,"sceneViewState":{"showFog":true,"showMaterialUpdate":false,"showSkybox":true,"showFlares":true,"showImageEffects":true,"showParticleSystems":true},"in2DMode":false,"pivot":{"x":-0.8259305953979492,"y":0.6884000301361084,"z":-2.583343029022217},"rotation":{"x":0.01652577705681324,"y":0.8980557918548584,"z":0.033863577991724017,"w":-0.43826478719711306},"size":14.646383285522461,"orthographic":false}